{
  "project": "JARVIS",
  "version": "1.0",
  "created_at": "2026-02-02T00:00:00Z",
  "updated_at": "2026-02-02T00:00:00Z",
  "phases": {
    "phase_1": {
      "name": "Foundation",
      "status": "pending",
      "items": {
        "P1-001": { "title": "Project scaffolding (Electron + Vite + React + TS)", "status": "pending", "completed_at": null, "iterations": 0 },
        "P1-002": { "title": "Electron main process + preload", "status": "pending", "completed_at": null, "iterations": 0 },
        "P1-003": { "title": "Tailwind + Jarvis theme setup", "status": "pending", "completed_at": null, "iterations": 0 },
        "P1-004": { "title": "HUD component library", "status": "pending", "completed_at": null, "iterations": 0 },
        "P1-005": { "title": "App shell layout + routing", "status": "pending", "completed_at": null, "iterations": 0 },
        "P1-006": { "title": "SQLite database setup", "status": "pending", "completed_at": null, "iterations": 0 },
        "P1-007": { "title": "Initial database migration", "status": "pending", "completed_at": null, "iterations": 0 },
        "P1-008": { "title": "Encrypted token storage", "status": "pending", "completed_at": null, "iterations": 0 },
        "P1-009": { "title": "Settings page + Auth config UI", "status": "pending", "completed_at": null, "iterations": 0 },
        "P1-010": { "title": "Agent settings UI", "status": "pending", "completed_at": null, "iterations": 0 },
        "P1-011": { "title": "Python backend + WebSocket", "status": "pending", "completed_at": null, "iterations": 0 },
        "P1-012": { "title": "Environment Scanner", "status": "pending", "completed_at": null, "iterations": 0 }
      }
    },
    "phase_2": {
      "name": "Project Management",
      "status": "pending",
      "items": {
        "P2-001": { "title": "Project CRUD IPC layer", "status": "pending", "completed_at": null, "iterations": 0 },
        "P2-002": { "title": "Dashboard page", "status": "pending", "completed_at": null, "iterations": 0 },
        "P2-003": { "title": "New Project wizard", "status": "pending", "completed_at": null, "iterations": 0 },
        "P2-004": { "title": "Project Detail page", "status": "pending", "completed_at": null, "iterations": 0 }
      }
    },
    "phase_3": {
      "name": "Feature Planning",
      "status": "pending",
      "items": {
        "P3-001": { "title": "Feature Group + Feature data layer", "status": "pending", "completed_at": null, "iterations": 0 },
        "P3-002": { "title": "Feature Planner page (drag & drop)", "status": "pending", "completed_at": null, "iterations": 0 },
        "P3-003": { "title": "PRD import/export", "status": "pending", "completed_at": null, "iterations": 0 },
        "P3-004": { "title": "Prompt Enhancement agent", "status": "pending", "completed_at": null, "iterations": 0 }
      }
    },
    "phase_4": {
      "name": "Agent Orchestration",
      "status": "pending",
      "items": {
        "P4-001": { "title": "Base Agent class", "status": "pending", "completed_at": null, "iterations": 0 },
        "P4-002": { "title": "Resource Manager", "status": "pending", "completed_at": null, "iterations": 0 },
        "P4-003": { "title": "Git Worktree Manager", "status": "pending", "completed_at": null, "iterations": 0 },
        "P4-004": { "title": "Coding Agent (Ralph Loop)", "status": "pending", "completed_at": null, "iterations": 0 },
        "P4-005": { "title": "Orchestrator", "status": "pending", "completed_at": null, "iterations": 0 },
        "P4-006": { "title": "Agent Monitor UI", "status": "pending", "completed_at": null, "iterations": 0 },
        "P4-007": { "title": "Chat Interface", "status": "pending", "completed_at": null, "iterations": 0 },
        "P4-008": { "title": "Log Viewer", "status": "pending", "completed_at": null, "iterations": 0 }
      }
    },
    "phase_5": {
      "name": "QA & Documentation",
      "status": "pending",
      "items": {
        "P5-001": { "title": "QA Agent", "status": "pending", "completed_at": null, "iterations": 0 },
        "P5-002": { "title": "QA Results UI", "status": "pending", "completed_at": null, "iterations": 0 },
        "P5-003": { "title": "Documentation Generator", "status": "pending", "completed_at": null, "iterations": 0 },
        "P5-004": { "title": "Documentation Viewer UI", "status": "pending", "completed_at": null, "iterations": 0 },
        "P5-005": { "title": "README generator", "status": "pending", "completed_at": null, "iterations": 0 }
      }
    },
    "phase_6": {
      "name": "Notifications",
      "status": "pending",
      "items": {
        "P6-001": { "title": "Email notification system", "status": "pending", "completed_at": null, "iterations": 0 },
        "P6-002": { "title": "Email reply processing", "status": "pending", "completed_at": null, "iterations": 0 }
      }
    },
    "phase_7": {
      "name": "Skills & Plugins",
      "status": "pending",
      "items": {
        "P7-001": { "title": "Skills/Plugin system", "status": "pending", "completed_at": null, "iterations": 0 },
        "P7-002": { "title": "Skills management UI", "status": "pending", "completed_at": null, "iterations": 0 }
      }
    },
    "phase_8": {
      "name": "Polish & Optimization",
      "status": "pending",
      "items": {
        "P8-001": { "title": "System tray integration", "status": "pending", "completed_at": null, "iterations": 0 },
        "P8-002": { "title": "Keyboard shortcuts + command palette", "status": "pending", "completed_at": null, "iterations": 0 },
        "P8-003": { "title": "Performance optimization", "status": "pending", "completed_at": null, "iterations": 0 },
        "P8-004": { "title": "Onboarding / first-run experience", "status": "pending", "completed_at": null, "iterations": 0 },
        "P8-005": { "title": "Windows installer branding", "status": "pending", "completed_at": null, "iterations": 0 }
      }
    }
  },
  "totals": {
    "total_items": 39,
    "completed": 0,
    "in_progress": 0,
    "failed": 0,
    "pending": 39
  }
}
